run_id,learned_mass1,learned_mass2,learned_mass3,ref_mass1,ref_mass2,ref_mass3
20250220_123839_35416,0.000177326113234309,8.845912156462446e-05,1.4882370643433002e-12,0.00017996016332602467,9.570104630933724e-05,1.696150907401317e-12
