run_id,learned_mass1,learned_mass2,learned_mass3,ref_mass1,ref_mass2,ref_mass3
20250220_141711_42623,0.012494269022173769,0.007117550364046234,0.0029677743526618236,0.007414112409472271,0.005524646413759648,4.0518976257450287e-10
